cost,sharpe
0.0,0.23830289640785213
0.0005,0.23830287690461505
0.001,0.23830283789814083
0.002,0.23830277938842956
